Question,Answer,Class
What are the library opening hours?,The library is open Monday to Friday from 8:00 a.m. to 5:00 p.m. The library will be closed on public holidays and on Saturday and Sunday.,Library
I do not work for HKL. Is it possible for me to utilize your library services?,"No, only HKL employees and medical students from public or private universities are eligible to use the library's services.",Library
Where is the location of your library?,"Our library is at Level 1 of the Main Block, HKL building.",Library
How can I access MOH Virtual Library?,You can access MOH Virtual Library through the HKL website. Under MOH Apps → Virtual Library KKM. Username and Password can be created using a registered MOH email account.,Library
How can I get articles from journals not subscribed by the Library?,"You can get the article by filling out the Articles Request Form at the library counter, or you can request it by emailing it to library.hkl@moh.gov.my.",Library
How to seek counseling services in Hospital Kuala Lumpur?,"HKL, HTA, and IPR staff can get counseling services as follows: Client - HKL, HTA, and IPR staff. Type of Service Entry - Walk-in/volunteer & By referral Referrer - (Walk-in/ volunteer) Staff need to come to Counseling Psychology Unit for registration processes and get an appointment date for counseling session. (By referral) Supervisors/Head of Nurses, Head of Department, and Medical Officers must complete the Counseling Psychology Service Referral Form for the staff and send the form to the Counseling Psychology Unit for registration.Referral form can be downloaded in Intranet Portal, HKL.",Psychology Counselling
When can I meet the counselor?,"Staff can meet the counselor during the counseling psychology office operating hours (except weekends and public holidays) as follows: 

Day: Monday – Thursday. 
Morning Session: 7.30 am – 01.00 pm. 
Evening Session: 2.00 pm – 5.00 pm. 

Day: Friday. 
Morning Session: 7.30 am – 12.15 pm. 
Evening Session: 2.45 pm – 5.00 pm. 

Counseling psychology clinic operating hours are from 8.00 am to 4.30 pm.",Psychology Counselling
Where is the location of Counseling Psychology Unit?,"Counseling Psychology Unit (UPsK) HKL is located at:Level 1 K8, Wisma Rekod/Kayu, Hospital Kuala LumpurCounseling room, Level 3, Specialist Complex And Ambulatory Care Centre (SCACC)",Psychology Counselling
Is there any charges for counseling sessions and follow-up?,No. Counseling services in HKL are FREE of charges.,Psychology Counselling
Is it safe for me to share issues with a counselor?,"Counseling sessions are bound by the confidentiality ethics in the Counselors Act 1998 (Act 580) and Counseling Ethics unless issues involved that are detrimental to the client, others, and violations of existing laws. For referred cases, a counseling report will be issued to the referrer who applied.",Psychology Counselling
Where is the wheelchair counter location if I want to use the service?,Patients/relatives can get wheelchair service at the entrance of the SCACC building located next to the ground floor motor park.,Hospital Supervisory
Can I use a wheelchair service at the SCACC building?,Patients can access the service if they are unable to walk and have an appointment at the SCACC building.,Hospital Supervisory
How do I get a wheelchair service?,Patients/relatives will need to leave their identification documents such as a work pass or driver's license for the purpose of registering a wheelchair at the counter.,Hospital Supervisory
When does the time for wheelchair service start?,"Wheelchair service counter hours are from 7:00 am to 4:30 pm, except on weekends and public holidays.",Hospital Supervisory
Do I have to pay for the service?,No need. The service provided is free of charge.,Hospital Supervisory
What should I do in the event of any damage or loss of a borrowed wheelchair?,Patients/relatives should be responsible for reporting to the staff at the wheelchair service counter in the event of loss or damage to the wheelchair for follow-up action.,Hospital Supervisory
Who can I contact if I have any questions regarding the wheelchair service?,Patients/relatives can call 03-2615 5555 ext 7016 (Bahagian Penyeliaan Hospital) for any questions regarding the service.,Hospital Supervisory
What is the role of Occupational Safety & Health Unit in HKL?,Mainly function as a secretariat for the Occupational Safety and Health Committee of HKL and responsible to carry out activities or programs in accordance with the Occupational and Safety Health Act 1994.,Occupational Safety and Health
What are the clinical services provided under the Occupational Safety & Health Unit?,The services provided are in Klinik Premier under the Occupational Safety & Health Unit:- Outpatient Treatment for Staff only- Non-communicable Diseases- Medical Check-up (Requirements for Pursuing Study)- Immunization- Latent TB- Screening for new staffs – Mantoux & Hepatitis B- Contact Tracing for TB- Food Handlers- Medical Surveillance - USECHH Regulations- Ergonomic Assessment – OSHA 1994- Sinaran – Akta Tenaga Atom 1984- TPN – Sterile Preparations- Kosplen-WOW- HPV Test- Fever Centre,Occupational Safety and Health
What are the other services provided?,Occupational SafetyTraining and Promotion,Occupational Safety and Health
What are the activities conducted under Occupational Safety?,The activities are:- Hospital Performance Indicator Approach- Safety Audit- HIRARC- Monitoring – Noise- Monitoring – Illumination- Chemical Management- Lift inspection- LEV inspection- Panel for Sharp Injuries,Occupational Safety and Health
How do we notify the Occupational Safety & Health Unit?,There are various forms:- WEHU D1 & D2 – Occupational Diseases & Poisoning- WEHU S1 & S2 – Occupational Skin Diseases- WEHU L1 & L2 – Occupational Lung Diseases- WEHU A1 & A2 – Occupational Accidents & Injuries- Violence Reporting Form (VRF) - Violence to Healthcare Workers- WEHU A1 & A2 + OHU SIS 1 – Needle Stick Injuries (NSI),Occupational Safety and Health
Do I need to get an appointment or can I walk in to see a neurologist?,Patient/caregiver need to bring along a valid referral letter to the neurology clinic counter for an appointment allocation.,Neurology (Neurology Clinic)
What is the workflow for an appointment allocation?,All referral letters will be screened by a neurologist on-call of the day for an appointment allocation. Appointment date will be informed via phone call within 7 working days.,Neurology (Neurology Clinic)
When is the best time to call the neurology clinic for changing appointment date?,3 PM onwards on busy clinic days. Kindly refer to clinic roster for further details.,Neurology (Neurology Clinic)
Is the appointment time the time I will see the doctor?,No. The appointment time is the registration time according to “Sistem Blok Masa.”,Neurology (Neurology Clinic)
What are neurodiagnostic services available in the neurophysiology unit?,"1. Electroencephalography (EEG): Non-invasive test for brain activity.
2. Video Telemetry Recording (VTR): Extended EEG with video.
3. Polysomnography (PSG): Sleep study.
4. Evoked Potentials (EP): Assess sensory pathways.
5. Nerve Conduction Studies (NCS): Evaluate peripheral nerves.
6. Electromyography (EMG): Study of nerve and muscle function.
7. Transcranial Doppler (TCD): Measures blood flow in the brain.",Neurology (Neurophysiology Unit)
How to get a neurodiagnostic report?,Patients from the neurology clinic: Neurodiagnostic report will be available for discussion during a neurology clinic appointment.Patients from other departments: all reports will be sent to referring departments within 2 weeks after the test is done.,Neurology (Neurophysiology Unit)
Which categories of in-patients require a constant helper while in the ward?,"a) Conditions: Semi-conscious, one-sided weakness, poor balance, mental retardation, emotional disorders, deaf and mute.
b) Locations: 1st, 3rd, 4th cubicle, isolation room, 1st class wards.
c) Number of caregivers: one person, preferably same gender.d) Reasons: Reduce fall risk, assist with ADL, facilitate communication, ease information gathering for doctors.",Neurology (In-Patient Care Ward N5A & NBSP N5B)
Criteria for admission to first class ward in N5B?,"Pensioners and government servants eligible for first class, deposit placed during admission, stable for transfer by neurologist, requires a constant helper.",Neurology (In-Patient Care Ward N5A & NBSP N5B)
What is the work process for discharges in N5A and N5B?,"1. Discharge planning by the medical officer/specialist
2. Discharge documents prepared by the medical officer
3. Medication slip sent to the pharmacy
4. Invoice/statement given to the next of kin for payment processing at the revenue unit
5. After payment, the receipt is shown to the attending JT
6. Health appointment and medication supply will be given to the patient and next of kin by the trained nurse (JT) attending to the discharged patient from the NSB ward.",Neurology (In-Patient Care Ward N5A & NBSP N5B)
How do I receive treatment in the Psychiatry and Mental Health Department HKL?,"Begin by getting an assessment and a referral letter from any qualified doctor (including nearby government health clinics or private general practitioners). Following that, please proceed (with the referral letter) to the Psychiatry and Mental Health Department HKL outpatient clinic located on the 4th floor of the Specialist Complex and Ambulatory Care Centre (SCACC) building during office hours.",Psychiatry
What about emergencies?,"For emergency cases only – which threatens danger to themselves or others, please proceed to the Psychiatry and Mental Health Department HKL outpatient clinic located on the 4th floor of the Specialist Complex and Ambulatory Care Centre (SCACC) building during office hours, or to the Emergency Department HKL outside office hours.",Psychiatry
Must I be admitted to the ward to receive treatment?,"Not all cases require admission to the ward. An assessment by a doctor from the Psychiatry and Mental Health Department, guided by the Mental Health Act 2001 and Mental Health Regulations 2010, will determine whether you will require inpatient care or merely outpatient clinic care using medications and/or psychotherapy (talking therapy).",Psychiatry
What must I bring in preparation for admission to the psychiatry ward?,"a) Basic personal needs and toiletries for daily use are allowed. 
b) Medications* for any of your other medical issues. 
c) Other items such as clothes* or money* can only be used on your way to the hospital or upon discharge from the ward. 
d) Food and drinks are available in the ward and outside food is not encouraged. *Please pass your items to the staff on duty during the early stages of your admission to the ward.",Psychiatry
What objects are not allowed to be brought into the psychiatry ward by patients and their visitors?,"Objects that cannot be brought into the ward include: 

a) Cigarettes, matches and lighters. 
b) Drugs and alcohol. 
c) Weapons and any object that can be fashioned into a weapon or might be dangerous such as knives, scissors, sticks, ropes et cetera. 
d) Jewellery or items with high monetary value. *Visitors will be asked to register to receive a visitor’s pass. Visitors might be searched for prohibited objects*.",Psychiatry
Can I take pictures or record videos while I am in the psychiatry clinic or ward?,"No. Any form of picture taking or video recording is not allowed in the psychiatry clinic or ward. This is to protect the privacy and comfort of patients, allowing the treatment process to run smoothly.",Psychiatry
Do I have to fast before my lab test?,"Yes, for Fasting Blood Sugar and Fasting Serum Lipid Profile testing.",Pathology - Core Lab
What happens to my sample once I have provided blood?,Your sample will be dispatched to the main laboratory (Department of Pathology) of HKL for analysis in Core Laboratory.,Pathology - Core Lab
When will my clinician get the results?,"The laboratory turn-around time is one hour for urgent requests, 2-3 hours for routine requests, and one working day for urine biochemistry tests. Lithium is analyzed on Mondays, Wednesdays, and Fridays only.",Pathology - Core Lab
How may I see the results?,You may ask for the result from your clinician.,Pathology - Core Lab
Where can I find the list of tests and service hours?,Refer to HKL Pathology Service Book or website.,Pathology - Core Lab
How to send a sample for Mixing Study from Non-HKL hospital/clinics?,"Mixing Test is performed by appointment and based on consultation with the Pathologist at 03-26155555 ext 5239, and the test is only offered during office hours.",Pathology - Core Lab
Can a regular urine collection container be used for urine catecholamine test?,"No, because the 24 hours urine catecholamine test requires a special collection container containing preservatives.",Pathology - Chemical Pathology
When will my Thyroid Function Test (TFT) results be obtained?,"Sample taken at the clinic will be sent to the main laboratory, HKL Pathology Department for analysis. LTAT for TFT is 3 working days.",Pathology - Chemical Pathology
Do I need to fast before taking blood for HbA1c test?,No fasting is required for HbA1c test.,Pathology - Chemical Pathology
When is the best time to take blood for Progesterone test?,Blood should be taken on the 21st day of menstruation.,Pathology - Chemical Pathology
Why was my test application rejected?,"The application may be rejected if the sample was sent using the wrong tube, the sample was leaking, or the sample had hemolysis.",Pathology - Chemical Pathology
What is the role of the Microbiology Laboratory?,The main role of the microbiology laboratory is to conduct diagnostic tests to detect microorganisms from clinical specimens.,Pathology - Microbiology
How long is the time period for bacterial culture?,Bacterial culture takes 18 to 48 hours; some bacteria like Mycobacterium tuberculosis may take longer than 48 hours.,Pathology - Microbiology
What containers are used for bacterial culture?,Sterile containers that do not easily leak and break are used for bacterial cultivation.,Pathology - Microbiology
What are the testing methods used to detect the virus?,"Various methods are used to detect viruses, including viral DNA detection, antigens, or antibodies.",Pathology - Microbiology
How long does it take to detect a virus?,"About 3-7 working days, depending on the type of test offered.",Pathology - Microbiology
Do I have to fast before my lab test?,"Fasting is not required for tests analyzed in Clinical Toxicology Laboratory, but other tests may require fasting.",Pathology - Clinical Toxicology
Why is my doctor ordering Therapeutic Drug Monitoring (TDM) test?,"TDM is used to aid the management of drug therapy for the cure, alleviation, or prevention of disease.",Pathology - Clinical Toxicology
What happens to my sample once I have provided blood?,Your sample will be dispatched to the main laboratory (Department of Pathology) of HKL for analysis in Clinical Toxicology Laboratory.,Pathology - Clinical Toxicology
When will my clinician get the results?,"LTAT is six hours for therapeutic drug monitoring, two working days for specific proteins, and five working days for tumor markers.",Pathology - Clinical Toxicology
How may I see the results?,You may ask for the result from your clinician.,Pathology - Clinical Toxicology
Where can I find the list of test and service hours?,Refer to HKL Pathology Service Book or website.,Pathology - Clinical Toxicology
May I request for tumor markers for screening from my provider?,No. Screening for tumor markers is not recommended.,Pathology - Clinical Toxicology
Can I eat medicine before appointment?,"Follow the instructions given, especially for TDM, as it could affect result interpretation.",Pathology - Clinical Toxicology
What is the most common haematology test performed on a patient?,"Full Blood Count (FBC) is the most common test; it helps assess hemoglobin levels, white blood cell counts, and platelets.",Pathology - Heamatology
What test will be carried out to detect thalassaemia status?,"A basic screening tool using FBC is done for thalassaemia status. Abnormal results will be subjected to Hemoglobin Analysis, and DNA analysis may be performed if needed.",Pathology - Heamatology
Where should I go for thalassaemia screening test?,At any government health clinic or certain private centers offering the service.,Pathology - Heamatology
Can I undergo thalassaemia screening at Health Clinic without family history?,"Yes, anyone can request a basic screening test (FBC).",Pathology - Heamatology
What tests will be carried out if I am suspected of having leukemia?,Tests include Full Blood Picture (FBP) and Bone Marrow Aspiration & Trephine Biopsy to confirm leukemia.,Pathology - Heamatology
What type of specimens are accepted for urine toxicology tests?,Urine specimens; blood specimens are accepted for the Methadone test.,Pathology - Drug & Research Case (Clinical Cases)
What is the minimum volume required for a urine drug toxicology test?,20ml.,Pathology - Drug & Research Case (Clinical Cases)
What form should be used to request a urine drug toxicology test?,PERPAT 301 Pathology form; ensure it is completely filled with the patient's clinical history and diagnosis.,Pathology - Drug & Research Case (Clinical Cases)
What type of container is suitable for testing?,Any urine container that does not contain preservatives.,Pathology - Drug & Research Case (Clinical Cases)
Can I request a urine drug toxicology test after office hours?,"Yes, it can be requested after office hours by sending the specimen to the Pathology Main Counter (24 hours/day).",Pathology - Drug & Research Case (Clinical Cases)
When will the urine drug toxicology result be ready for release?,14 days after specimen receipt by the lab.,Pathology - Drug & Research Case (Clinical Cases)
What type of form should be used for Drug Medical Examination tests?,3 copies of UPD form.,Pathology - Drug & Research Lab (Medical Check Up)
What is the minimum volume required for a Drug Medical Examination test?,30ml as outlined in the Ministry of Health Guidelines.,Pathology - Drug & Research Lab (Medical Check Up)
Can I request a Drug Medical Examination test after office hours?,"No, it is only accepted Monday to Friday, 8.00 am - 5.00 pm.",Pathology - Drug & Research Lab (Medical Check Up)
What type of test will be done on a Drug Medical Examination specimen?,"Urine specimens will be tested for Opiates, Cannabinoids & Amphetamine Type Stimulants.",Pathology - Drug & Research Lab (Medical Check Up)
When will the Drug Medical Examination result be ready for release?,10 days after specimen receipt by the lab.,Pathology - Drug & Research Lab (Medical Check Up)
What type of form should be used to request drug of abuse tests for Medicolegal cases?,3 copies of UPD form.,Pathology - Drug & Research Lab (Medicolegal Cases)
Where can I obtain this form?,Drug & Research Laboratory Counter.,Pathology - Drug & Research Lab (Medicolegal Cases)
What is the minimum volume required for drug of abuse tests in Medicolegal cases?,30ml as outlined in the Ministry of Health Guidelines.,Pathology - Drug & Research Lab (Medicolegal Cases)
Can I request a Drug Medicolegal test after office hours?,"No, requests are only accepted Monday to Friday, 8.00 am - 5.00 pm.",Pathology - Drug & Research Lab (Medicolegal Cases)
When will drug of abuse test results for Medicolegal cases be ready?,Results for Morphine & Cannabinoid tests will be ready in 10 days; other tests will be released within 60 days. Urgent cases will take 14 days.,Pathology - Drug & Research Lab (Medicolegal Cases)
What is a pap smear?,A type of test to detect abnormal cells in the cervix.,Pathology - Cytology
Why do you need to do a pap smear?,Detects cell changes at an early stage before it turns into cancer.,Pathology - Cytology
Who needs to do a pap smear?,"All women who have had sexual intercourse, whether married or unmarried, aged 30-65 years.",Pathology - Cytology
When is the right time to do a pap smear?,Ideally in the middle of the menstrual cycle (10-15 days after the first day of menstruation).,Pathology - Cytology
Is pap smear painful?,The procedure may be less comfortable but should not be painful.,Pathology - Cytology
Frequency of pap smear?,"Once for the first 2 years; if normal, repeat every 3 years.",Pathology - Cytology
Where are pap smear services offered?,In government or private hospitals and clinics.,Pathology - Cytology
Do I need to fast before the Fine Needle Aspiration Cytology (FNAC) procedure?,No fasting is required before performing the procedure.,Pathology - Cytology
How to take sputum specimen?,Patient should produce sputum by “deep cough.”,Pathology - Cytology
Where can I find the list of tests and service hours?,Refer to HKL Service Book or website.,Pathology - Cytology
How may I know the results?,You may ask for the result from your clinicians.,Pathology - Cytology
What kind of specimens are received in Histopathology lab?,"Tissue samples obtained through biopsy or surgery. Body fluid, blood, and swab are not suitable for histopathology examination.",Pathology - Histopathology
Where should specimens for Histopathology examination be sent to?,"Counter no. 5 in the common receiving area (CRA), Pathology Department, HKL.",Pathology - Histopathology
How should the specimens for Histopathology examination be sent?,"Specimens must be sent immersed in 10% Neutral Buffered Formalin (NBF), unless contraindicated.",Pathology - Histopathology
What are the contraindications to the usage of 10% NBF?,"Certain specialized tests such as Enzyme histochemistry, muscle biopsies, and Immunofluorescence studies.",Pathology - Histopathology
How are HPE reports accessed?,Wards and clinics in HKL can trace/access HPE reports via Laboratory Informative System (LIS).,Pathology - Histopathology
How long is the turnaround time (TAT) duration for HPE reports?,"TAT for small biopsies is 1 week, while for large specimens it is 1 month.",Pathology - Histopathology
What happens to the specimens after Histopathology examination?,The specimens will be discarded 1 month after the final report has been validated.,Pathology - Histopathology
Are patients allowed to retrieve their specimens?,"Yes, patients are allowed to retrieve their specimens after the HPE reports are released.",Pathology - Histopathology
"What is the procedure to request HPE photos for presentation, discussion, etc.?",Contact the reporting pathologist and fill in a form at the histopathology office. TAT is 2 weeks from the date of request received.,Pathology - Histopathology
How can I obtain radiological services at the Radiology Department of HKL?,"All radiological examinations at HKL must be referred either from the ward or clinic in HKL, Health Care Clinics (Public Clinic, KKM) or private centre following hospital policy.",Radiology
Does Radiology Department provide FPP (Full Payment Patient) services?,"At the moment, HKL Radiology Department DOES NOT provide FPP services.",Radiology
Do out-patients need to make payments for radiological examinations at HKL?,Payment must be made through the Revenue Unit or requesting clinic according to the rate determined by the HKL Revenue Unit before undergoing radiological examination.,Radiology
What preparations are required before undergoing a radiological examination?,"Each radiological examination requires different preparations depending on the type, such as general radiography, CT Scan, MRI, angiography, mammography, bone densitometry (BMD), Orthopantomography (OPG), etc.",Radiology
Can an outpatient radiological examination report be obtained immediately after the examination?,"Only ultrasound examination reports will be provided immediately. For general radiographic exams, reports will be issued upon request. Specialized exams like CT, MRI, and mammography reports will be ready within 14 days.",Radiology
How to get appointment for nuclear medicine imaging or treatment?,"Patient should be assessed by their primary doctor first, and referral should be made by the specialist to the Nuclear Medicine Department. The referral form will be vetted by Nuclear Medicine doctors according to indication, urgency, and availability. Appointment date and time will be updated in the department system and patients will be informed.",Nuclear Medicine
What are the documents required to get fee waiver for scans or treatments?,"Social welfare card, zakat document, OKU card, pensioner card, school letter, and guarantee letter (GL).",Nuclear Medicine
Is the radioactive material used in nuclear medicine safe for the patient and surrounding people?,"Before any study/treatment with radioactive material, patients will see the doctor for assessment to ensure fitness for investigation/treatment. Indication, safety, and radiation precautions will be explained. The dose will be calculated accurately and administered according to guidelines to ensure safety for the patient and surrounding people.",Nuclear Medicine
Can I see the dietitian for nutrition counseling?,"Yes. You need to get a referral letter from the medical doctors to receive service from the dietitian. For outpatients, dietetic service is based on appointment in the Diet Clinic.",Dietetics & Food Services
Where is the location for Diet Clinic for outpatients?,The Diet Clinic is located at level 2 of the Specialist Complex and Ambulatory Care Center (SCACC).,Dietetics & Food Services
Will patients be provided with enteral product (milk formula) upon discharge?,"Enteral products (milk formula) will not be provided upon discharge. If patients still require the enteral formula, they will need to purchase it based on the dietitian’s recommendation.",Dietetics & Food Services
Are food provided in the ward during my treatment and am I given a choice?,Yes. Food will be provided based on orders from the ward. The menu includes standard or therapeutic diets based on patients’ medical conditions. First-class patients can choose from the diet menu provided.,Dietetics & Food Services
Can I bring my own food from outside when I am receiving treatment in the ward?,"No. Food will be provided by the hospital based on treatment and recovery needs. If you wish to bring food from outside, you must obtain permission from the ward.",Dietetics & Food Services
What is Physiotherapy?,- Physio is the physiology that carries the meaning of function and therapy is care.- Physiotherapy means care of functional restoration.,Physiotherapy
What treatments are offered in Physiotherapy?,"In general, physiotherapists focus on human limbs and the function of each part of the body. Physiotherapy ensures that the patient's body functions at an optimal level and helps reduce pain without the use of medications.",Physiotherapy
How if I want to get physiotherapy treatment?,"To get treatment in physiotherapy, you must get a referral letter from a doctor/medical officer from any hospital, government, or private clinic.",Physiotherapy
"After getting the referral letter, what do I need to do?",You should come to the physiotherapy department to get your appointment date. You are required to get an appointment date within 1 month from the date the referral letter is issued.,Physiotherapy
Why must be within a month to get an appointment date?,"Every patient's condition can change due to physical activity. Over time, it is feared that your condition will change. This rule is to avoid contraindications in physiotherapy treatment that could harm the patient's condition.",Physiotherapy
"If I come to pick up an appointment date, when will I get it?",An appointment will be given to you within 10 working days.,Physiotherapy
"If I can’t come on that date, what should I do?",You can contact the Department of Physiotherapy using the contact number listed in your referral letter or appointment card.,Physiotherapy
What documents do I need to bring during a physiotherapy appointment?,"You must bring a referral letter from a doctor, Identity Card, a copy of retiree card (if you are a retiree), and a copy of OKU card (if you have a disabled card).",Physiotherapy
How much is the treatment charge during physiotherapy treatment?,"a) Referred from government: 
Free for first-time citizens, seniors 60+, government retirees, and disabled cardholders. RM5.00 for each follow-up.

b) Referred from private: 
RM30.00 for the first treatment; subsequent charges depend on treatment.- Referred for noncitizens: RM120.00 for registration; charges depend on treatment.",Physiotherapy
What should I do if I have complications after treatment?,Please come to the Physiotherapy Department and meet the Physiotherapist who treated you for confirmation and further information.,Physiotherapy
When is the registration/operation time at Occupational Therapy Department?,"Day: Monday – Friday
Time: 7.30 a.m. to 5.00 p.m.

Day: Monday – Thursday
Time: 1.00 p.m. - 2.00 p.m.
Friday: 12.15 p.m. - 2.45 p.m.
If you have an appointment, please come according to your appointment time to prevent delays in your treatment sessions.",Occupational Therapy
Do I need to get an appointment date or can I walk-in?,Patients/Carers are encouraged to be present at the counter of the Occupational Therapy Department with a valid referral letter to set an appointment date.,Occupational Therapy
How do we set the appointment date/seek treatment?,"Referral letters received at the counter on that specific day will be screened by the staff-in-charge, and the appointment date will be set according to the standard procedure. The date of appointment will be informed within 3 working days.",Occupational Therapy
When is the best time to make a call for an appointment date?,"All calls regarding any matters should be made during the working hours of the Occupational Therapy Department:
Day: Monday – Thursday
Time: 7.30 am - 1.00 pm (morning session), 2.00 pm - 4.30 pm (evening session)

Day: Friday
Time: 7.30 am - 12:15 pm (morning session), 2.45 pm - 4.30 pm (evening session).",Occupational Therapy
How do I get treatment at the Occupational Therapy Department in Kuala Lumpur Hospital?,"Patients should obtain a referral from a Medical Officer (from any government/private clinic or hospital), Occupational Therapist (from a government clinic/hospital), or Associate Health Officer (from a government clinic/hospital).",Occupational Therapy
What is an anaesthesiologist? What is the job scope?,"An anaesthesiologist is a doctor specialized in administering anaesthesia for surgery. They ensure your vital signs are stable during surgery, manage your level of consciousness, and address any problems that arise. They also manage postoperative pain and care for patients in ICU, optimizing them for surgery.",Anaesthesia & Intensive Care
What are the risks associated with anesthesia?,"The Department of Anesthesiology has advanced anesthesia safety for patients. Common side effects include headache, pain at the injection site, nausea, and vomiting. Many risks are mitigated through specific anesthetic approaches, including regional anesthesia.",Anaesthesia & Intensive Care
Can I eat before surgery?,"You will receive instructions about eating and drinking from the nurse the day before surgery. If you are warded, refrain from eating at least six hours before the procedure to reduce the risk of aspiration, which can cause significant damage. Follow preoperative instructions carefully.",Anaesthesia & Intensive Care
What medications should I take on the day of surgery?,"Discuss your medications with your physician or surgeon before surgery. Patients scheduled for ambulatory surgery will be contacted by a daycare nurse before surgery to address medication questions. If unsure, bring your medications with you on the day of surgery.",Anaesthesia & Intensive Care
Can my allergies interfere with anesthesia?,"It is vital to inform your anesthesiologist of any allergies. Bring your allergy card if you have one. If needed, an allergy test may be conducted before you receive a surgery date.",Anaesthesia & Intensive Care
How to attain an appointment date from the clinic?,"1. Patients must come with a referral letter for registration as walk-in (emergency cases) or to be screened for an appointment.
2. Clinic hours: 8:00 am (Consultation + Procedure), 9:30 am (Consultation + Procedure), 11:30 am (Consultation).
3. Call extension 1054 for appointments. Email if unable to reach.",Ophthalmology
How is the registration process in the ophthalmology clinic?,"1. Bring your appointment card/referral letter.
2. Submit it at the Information counter to receive a slip and calling number; proceed to visual acuity test in room 3.
3. After the test, go to registration for consultation.
4. Waiting areas are divided for doctor/optometrist consultations.
5. Subsequent appointments at Counter 46.
6. Wait at area C for medications.",Ophthalmology
How much are the charges for registration and procedures?,"1. Government referrals:
a) First registration: Free
b) Subsequent: RM5.00
c) Procedures: RM4.00 - RM100.00
d) Exemptions for certain groups (OKU, pensioners, etc.).

2. Private referrals:
a) First registration: RM30.00
b) Subsequent: RM5.00
c) Procedures: RM20.00 - RM1800.00.

3. Foreigners: RM120.00 (valid passport), RM60.00 (UNHCR).",Ophthalmology
Location of ophthalmology outpatient clinic.,"The clinic is located on the 6th floor at SCACC. Patients need to bring a referral letter for an appointment. 
Outpatient Clinic Hours:
Elective: Monday – Friday: 8.00 am, 9.30 am, 11.30 am.
Emergency: Monday – Friday: 7.30 am – 4.15 pm.
Phone Extension: 1054.",Ophthalmology
What is the ORL Outpatient clinic schedule?,"The outpatient clinics are scheduled every Tuesday, Wednesday, and Friday. Allergic clinic is on Thursday. FNAC Clinic is on Monday. Preoperative Assessment Clinic is on Monday and Thursday. Emergency cases will be seen on the same day at the Emergency Department.",Otorhinolaryngology
When are the operation days for ORL patients?,Elective operations are scheduled on Monday and Thursday in the General Operation Theater. Surgeries are also provided on Saturday mornings according to schedule. Daycare surgery services are provided every Monday for eligible patients.,Otorhinolaryngology
Do I need to get a referral letter?,"Yes, all referrals to the Specialist Clinic require a referral letter.",Otorhinolaryngology
When is the most appropriate time to undergo a tonsillectomy?,"Tonsillectomy is advised if:
1. Recurrent tonsillitis (more than 5 times a year).
2. History of peritonsillar abscess.
3. Obstructive Sleep Apnea due to Tonsillar Hypertrophy.
4. Suspected tonsillar malignancy.
5. Surgery is performed when the patient is healthy and not experiencing fever or sore throat.",Otorhinolaryngology
"I already have an appointment with the Audiologist/Speech Therapist, do I have to see an ORL Specialist as well?","Yes, our ORL doctors will see patients as required.",Otorhinolaryngology
What are the preparations needed before undergoing an operation?,"Preoperative preparations include:
1. Explanation of surgery risks.
2. Surgery date assigned (1 week to 3 months).
3. Required tests (e.g., blood tests, ECG).
4. Referral to Anaesthesiology.
5. Reassessment appointment if healthy.
6. Admission one day prior to surgery; earlier for patients with comorbidities.
7. No valuables allowed.",Otorhinolaryngology
Why doesn’t my child speak?,"Factors include:
(a) Hearing problems
(b) Lack of language stimulation
(c) Abnormal intraoral structure
(d) Lack of playmates
(e) Lack of interaction with family
(f) Overly focused on academics under 4 years
(g) Gadget and television addiction
(h) Lack of play options at home.",Otorhinolaryngology - Speech Therapy
When is the best time to start speech therapy for speech sound disorder?,"Speech therapy for speech sound disorder will be conducted if:
(a) No hearing impairment
(b) Child understands and speaks
(c) Child is 5 years old
(d) Child can speak more than 5 words in a sentence but has articulation difficulties.",Otorhinolaryngology - Speech Therapy
How do we take care of our voice?,"(a) Avoid clearing throat, shouting, and loud talking in noise.
(b) Learn proper singing techniques.",Otorhinolaryngology - Speech Therapy
What can I do if my baby has difficulty in latching on or sucking?,"(a) Get a detailed examination of the intraoral structure.
(b) Choose suitable feeding equipment.
(c) Ensure correct breastfeeding technique.
(d) Offer the child preferred drinks.
(e) Learn facial and mouth stimulation techniques.
(f) Suckling skills are important under 2 years; introduce other feeding methods after that.",Otorhinolaryngology - Speech Therapy
What are the symptoms of swallowing disorders?,"(a) Loss of appetite
(b) Pain on swallowing
(c) Weight loss
(d) Coughing during and after eating
(e) Drooling
(f) Dehydration.",Otorhinolaryngology - Speech Therapy
Why is the waiting time for a speech therapy appointment so long?,"(a) Limited number of speech therapists.
(b) Each session takes 45-60 minutes.
(c) Increasing rate of new referrals.
(d) Long follow-up for each patient is typically two years.",Otorhinolaryngology - Speech Therapy
What is speech therapy?,"(a) Evaluation, planning, and implementation of rehabilitation for speech, voice, and swallowing disorders.
(b) Training parents/caretakers to practice therapy at home.",Otorhinolaryngology - Speech Therapy
Can my hearing be restored?,"It depends on the type of hearing loss (sensorineural, conductive, or mixed). Usually, sensorineural hearing loss cannot be cured, while conductive hearing loss may be treatable.",Otorhinolaryngology - Audiology
Do I have to wear a hearing aid if I have hearing impairment?,"It is strongly advised for patients with disabling hearing impairment. Hearing aids amplify sound to a level that can be heard better, improving quality of life.",Otorhinolaryngology - Audiology
Do I have to wear the hearing aid in both ears?,"If there is bilateral hearing impairment, it is best to wear hearing aids in both ears. However, you can choose to wear one first.",Otorhinolaryngology - Audiology
How much does a hearing aid cost?,"The cost depends on the type and technology of the device, generally ranging from RM1,000 to RM10,000 for one ear.",Otorhinolaryngology - Audiology
Can I apply for financial aid to purchase the hearing aid?,Yes. Government employees or pensioners can apply through the Public Service Department. Others will be referred to the Department of Social Welfare for assistance options.,Otorhinolaryngology - Audiology
What if I have an issue with the hearing aid after fitting?,There will be a follow-up appointment after fitting to optimize the hearing aid settings.,Otorhinolaryngology - Audiology
Can I remove the hearing aid after fitting?,"Yes, hearing aids can be removed when bathing or sleeping, but it is advisable to wear them for at least 8 hours a day.",Otorhinolaryngology - Audiology
Can this clinic accept Walk-In patients for dental check-up?,No. We only accept patients with a referral letter. Patients with no medical illness will have to go to the nearest government clinic for dental check-up.,Oral & Maxillofacial Surgery
"Can I get filling & scaling done in Oral & Maxillofacial Department, HKL?","Both treatments are provided to patients referred to us with chronic medical illnesses such as heart disease, hypertension, diabetes, and cancer. Healthy patients can receive dental treatment at the nearest Government Clinic.",Oral & Maxillofacial Surgery
Can I do tooth implant and what is the cost?,"Yes, but with a referral letter. The cost for the implant ranges from RM3000 to RM4000 depending on the type of implant used. Not all cases referred for implants are suitable for treatment. The Oral Surgeon will conduct examinations before starting treatment.",Oral & Maxillofacial Surgery
Can I bring my child for dental treatment?,The clinic only accepts patients above 16 years old with a referral letter from a government/private clinic or hospital.,Oral & Maxillofacial Surgery
Where should I go with referral letter addressed to Oral Pathology & Oral Medicine Clinic?,"Patients should go to the Oral & Maxillofacial Surgery Satellite Clinic in the main block for services such as:1) Forensic Odontology2) Oral Pathology & Oral Medicine3) Special Needs Dentistry.For further enquiries, contact the Dental Officer Incharge at 03-2615 5555 Ext: 1264 / 1266 or email bmulut.hkl@moh.gov.my.",Oral & Maxillofacial Surgery